{
  "experiment": "exp02_feature_ablation",
  "baseline_rmse": 586.9862183904482,
  "worst_ablation": "ratio",
  "ablation_results": {
    "all": {
      "rmse": 586.9862183904482,
      "delta_pct": 0
    },
    "rolling": {
      "rmse": 558.4048738530597,
      "delta_pct": -4.8691679024015775
    },
    "lag": {
      "rmse": 548.628234421266,
      "delta_pct": -6.534733315266264
    },
    "ratio": {
      "rmse": 598.8357708282258,
      "delta_pct": 2.0187105023129424
    },
    "time": {
      "rmse": 559.6676385182626,
      "delta_pct": -4.654041102889066
    }
  }
}