model,rmse,mae,mape,smape,pinball_p50,pinball_p10,pinball_p90,coverage_90,interval_width,winkler,calibration_error_p10,calibration_error_p50,calibration_error_p90,train_time_s,infer_time_ms
naive,360.96735447553846,323.91595330765676,158.5772296632589,161.60561082671944,161.95797665382838,39.61225951042642,260.53671278978896,0.09999999999999999,70.07999999999998,3001.4897230021543,0.13333333333333333,0.37777777777777777,0.7000000000000001,0.0,0.0
historical_mean,244.86270812559198,197.38005690607386,280.7377571363198,53.02901222628865,98.69002845303693,42.102510471948186,46.97368800602366,0.7333333333333334,481.85368963700404,890.7619847797185,0.14444444444444446,0.27777777777777773,0.055555555555555546,0.0,0.0
seasonal_naive,269.21418045442687,212.06782469962423,269.0149288567131,64.06126580008436,106.03391234981211,44.2407105864714,78.69614170208666,0.48888888888888893,365.86326626095246,1229.3685228855804,0.18888888888888888,0.3111111111111111,0.32222222222222224,0.0,0.0
linear_regression,752.6840274941924,674.9713685635869,761.577938749903,153.4598714550742,337.48568428179345,175.78510888432652,312.4657664836081,0.06666666666666667,484.58868393341703,4882.508753679346,0.3,0.37777777777777777,0.5444444444444444,0.2138,7.126100000000001
random_forest,584.2391129629926,484.0761239194398,398.89299050928145,165.33931315187726,242.0380619597199,97.45593999008503,272.0962763415186,0.06666666666666667,304.0227301549981,3695.5221633160363,0.19999999999999998,0.3444444444444444,0.6222222222222222,3.382333333333333,112.74413333333332
xgboost,573.590611396908,470.75340751863,396.83938376335914,157.92001688750997,235.376703759315,93.45831904371646,267.835386696137,0.1111111111111111,303.57964199448213,3612.9370573985348,0.2333333333333333,0.3666666666666667,0.5666666666666667,2.4023333333333334,80.07733333333333
lightgbm,473.2101079005842,406.41353741681706,437.5121560397617,160.25970489375214,203.20676870840853,65.62124347941291,298.13576961912526,0.14444444444444446,154.74327391676525,3637.5701309853816,0.16666666666666666,0.2888888888888889,0.6222222222222222,1.7003666666666666,56.67896666666667
ensemble,330.2271360875586,258.9182556412649,316.11278567389377,84.79070896840383,129.45912782063246,52.119856048309025,123.63648553487197,0.27777777777777773,260.30327008885877,1757.56341583181,0.16666666666666666,0.3444444444444444,0.48888888888888893,1.0526666666666669,35.089
