model,rmse,mae,coverage_90
30,771.8912021935779,395.5666028959606,0.38778220451527223
60,771.8912021935779,395.5666028959606,0.38778220451527223
90,771.8912021935779,395.5666028959606,0.38778220451527223
